{
  "eye": {
    "orientation": [
      -0.2702864408493042,
      -0.2314072698354721,
      -0.06709928065538406,
      0.9321446418762207
    ],
    "magnitude": 0.5773502588272095,
    "position": [
      0,
      0,
      2000
    ]
  },
  "paths": [],
  "ortho": false,
  "radius": 1000,
  "visualHints": 0
}